{
  "id": "1645559",
  "name": "fonts_new",
  "font_family": "iconfont",
  "css_prefix_text": "icon-",
  "description": "",
  "glyphs": [
    {
      "icon_id": "212782",
      "name": "show-password ",
      "font_class": "showpassword",
      "unicode": "ea3f",
      "unicode_decimal": 59967
    },
    {
      "icon_id": "1312515",
      "name": "icon_users",
      "font_class": "icon_users",
      "unicode": "e649",
      "unicode_decimal": 58953
    },
    {
      "icon_id": "1727362",
      "name": "25单据",
      "font_class": "danju",
      "unicode": "e89b",
      "unicode_decimal": 59547
    },
    {
      "icon_id": "1727367",
      "name": "28体积、空间",
      "font_class": "tijikongjian",
      "unicode": "e89f",
      "unicode_decimal": 59551
    },
    {
      "icon_id": "1727461",
      "name": "225默认头像",
      "font_class": "morentouxiang",
      "unicode": "e8c9",
      "unicode_decimal": 59593
    },
    {
      "icon_id": "1727589",
      "name": "406报表",
      "font_class": "baobiao",
      "unicode": "e902",
      "unicode_decimal": 59650
    },
    {
      "icon_id": "2207721",
      "name": "icon-user_login",
      "font_class": "user_login",
      "unicode": "e64a",
      "unicode_decimal": 58954
    },
    {
      "icon_id": "6253883",
      "name": "iconfont icon-mima",
      "font_class": "iconfonticon-mima",
      "unicode": "e63a",
      "unicode_decimal": 58938
    },
    {
      "icon_id": "11808055",
      "name": "lock_fill",
      "font_class": "lock_fill",
      "unicode": "e6a4",
      "unicode_decimal": 59044
    },
    {
      "icon_id": "4936671",
      "name": "lock-fill",
      "font_class": "lock-fill",
      "unicode": "e86a",
      "unicode_decimal": 59498
    }
  ]
}
